method,rank_correlation_with_realized_utility,calibration_error,top_k_rationale_quality,preference_pair_accuracy,variance_by_regime,status,eval_rows
proxy_average_reward,0.5731198821829241,0.2293766523291988,0.35000000000000003,0.859375,9.51949738040281e-05,RUN,2480
single_best_judge_reward,1.0,4.8661904914419405e-09,0.44899193548387106,1.0,2.3395057723973878e-05,RUN,2480
flow_reward_v1,0.785896954625529,0.06973631596991853,0.3858870967741936,0.9375,0.00010926701902408935,RUN,2480
flow_reward_v2,0.005783709961712826,0.11804102105904189,0.2086693548387097,0.53125,6.207504338817671e-05,RUN,2480
