method,input_modalities,accuracy,macro_f1,mcc,brier,ece
Qwen-1.5B (RWSFT+DPO),News+Tech,0.31,0.14112021857923496,0.07151527424271573,0.25513332323048343,0.26669777761108
DeepSeek-R1-Distill-1.5B (Base),News+Tech,0.1,0.09092295957284516,0.010247909417325365,0.319745872271407,0.3321142855381714
Llama-3.2-3B (RWSFT+DPO),News+Tech,0.24,0.14265743741460493,0.05582137161084529,0.29085999972867993,0.29839999980559995
DeepSeek-R1-Distill-1.5B (RWSFT+DPO),News+Tech,0.13,0.11697814900440004,0.053373432503218764,0.31423999971752,0.3251999998188
LightGBM,Tech,0.45856406799248806,0.16396366850736382,0.054644997121443425,0.6765835449814305,N/A
FinBERT,News,0.4633596392333709,0.12665639445300464,0.0,0.6727114919116823,N/A
Late Fusion (FinBERT + LightGBM),News+Tech,0.440999624201428,0.184254488049932,0.037036978529001785,0.6948301538665922,N/A
DLinear,Tech,0.464944382915202,0.1296143215602237,0.021141297060937057,0.6673294767307878,N/A
