{
  "accuracy": 0.1,
  "macro_f1": 0.09092295957284516,
  "mcc": 0.010247909417325365,
  "brier_score_macro": 0.319745872271407,
  "ece_macro": 0.3321142855381714,
  "nll": 26.64299943080312,
  "confusion_matrix": [
    [
      0,
      0,
      0,
      0,
      0
    ],
    [
      4,
      2,
      1,
      3,
      5
    ],
    [
      3,
      2,
      0,
      11,
      34
    ],
    [
      1,
      4,
      0,
      8,
      22
    ],
    [
      0,
      0,
      0,
      0,
      0
    ]
  ]
}