{
  "accuracy": 0.24,
  "macro_f1": 0.14265743741460493,
  "mcc": 0.05582137161084529,
  "brier_score_macro": 0.29085999972867993,
  "ece_macro": 0.29839999980559995,
  "nll": 26.3878098873338,
  "confusion_matrix": [
    [
      0,
      0,
      0,
      0,
      0
    ],
    [
      2,
      1,
      3,
      7,
      2
    ],
    [
      3,
      3,
      3,
      17,
      24
    ],
    [
      0,
      0,
      3,
      20,
      12
    ],
    [
      0,
      0,
      0,
      0,
      0
    ]
  ]
}