{
  "total_trades": 91,
  "long_trades": 82,
  "short_trades": 9,
  "total_return": 0.3940386294109455,
  "sharpe_ratio": 4.907218595012671,
  "max_drawdown": -0.18943694107700204,
  "win_rate": 0.4725274725274725
}