{
  "accuracy": 0.4,
  "macro_f1": 0.14285714285714288,
  "mcc": 0.0,
  "brier_score_macro": 0.1288000000064,
  "ece_macro": 0.26399999993600004,
  "nll": 1.3004580341747947,
  "confusion_matrix": [
    [
      0,
      0,
      0,
      0,
      0
    ],
    [
      0,
      0,
      0,
      0,
      0
    ],
    [
      0,
      0,
      0,
      0,
      0
    ],
    [
      0,
      1,
      1,
      2,
      1
    ],
    [
      0,
      0,
      0,
      0,
      0
    ]
  ]
}