{
  "total_trades": 95,
  "long_trades": 82,
  "short_trades": 13,
  "total_return": 0.28583527617644733,
  "sharpe_ratio": 3.4951821734863646,
  "max_drawdown": -0.1746291319588028,
  "win_rate": 0.45263157894736844
}