{
  "accuracy": 0.13,
  "macro_f1": 0.11697814900440004,
  "mcc": 0.053373432503218764,
  "brier_score_macro": 0.31423999971752,
  "ece_macro": 0.3251999998188,
  "nll": 27.25153809696824,
  "confusion_matrix": [
    [
      0,
      0,
      0,
      0,
      0
    ],
    [
      2,
      2,
      2,
      1,
      8
    ],
    [
      1,
      3,
      3,
      9,
      34
    ],
    [
      0,
      3,
      0,
      8,
      24
    ],
    [
      0,
      0,
      0,
      0,
      0
    ]
  ]
}