{
  "mean_entailment": 0.1338037815368898,
  "mean_contradiction": 0.12499533585389144,
  "hallucination_rate": 0.12
}