{
  "accuracy": 0.31,
  "macro_f1": 0.14112021857923496,
  "mcc": 0.07151527424271573,
  "brier_score_macro": 0.25513332323048343,
  "ece_macro": 0.26669777761108,
  "nll": 23.5205653131796,
  "confusion_matrix": [
    [
      0,
      0,
      0,
      0,
      0
    ],
    [
      2,
      0,
      2,
      9,
      2
    ],
    [
      2,
      0,
      5,
      26,
      17
    ],
    [
      0,
      0,
      4,
      26,
      5
    ],
    [
      0,
      0,
      0,
      0,
      0
    ]
  ]
}