{
  "accuracy": 0.15,
  "macro_f1": 0.12918371322813169,
  "mcc": -0.007576809983566467,
  "brier_score_macro": 0.30315999973728,
  "ece_macro": 0.3107999998571999,
  "nll": 25.87011482685983,
  "confusion_matrix": [
    [
      0,
      0,
      0,
      0,
      0
    ],
    [
      2,
      4,
      0,
      2,
      7
    ],
    [
      4,
      4,
      5,
      16,
      21
    ],
    [
      3,
      6,
      5,
      6,
      15
    ],
    [
      0,
      0,
      0,
      0,
      0
    ]
  ]
}