{
  "train_loss_by_epoch": [
    31.468069076538086,
    14.332140922546387,
    21.378103256225586
  ],
  "rows": 50,
  "target_dim": 7
}
