{
  "train_loss_by_epoch": [
    2.342401578979492,
    1.5847458526992797,
    1.0102553211784362
  ],
  "rows": 12500,
  "target_dim": 7
}
