{
  "validation_mse": 1.0144418478012085,
  "naive_baseline_mse": 1.271496295928955
}